{
  "converter": ["C", "F", "K"],
  "temperature": [
    {
      "name": "C,celsius",
      "to": [1, 1.8, 1],
      "offset": [0, 32, 273.15]
    },
    {
      "name": "F,fahrenheit",
      "to": [0.55555555556, 1, 0.55555555556],
      "offset": [-17.77777777778, 0, 255.37222222222]
    },
    {
      "name": "K,kelvin",
      "to": [1, 1.8, 1],
      "offset": [-273.15, -459.67, 0]
    }
  ]
}
